id,firstName,lastName,email,username,descriptionMessage,userPassword,shareBirthday,birthday,picture,securityQuestion,securityAnswer
1,Mike,Valencia,privcan@live.com,busymike,The best things come from living outside of your comfort zone,c6fc633794e19154240735fae9628d14d86bbfd855c6bf703e946deb54446306,1,1990-01-21,https://randomuser.me/api/portraits/men/47.jpg,What is your favorite color?,red
2,Carol,Mccann,jramio@hotmail.com,coolcarol,You can’t become the best without first being the worst,314e5d6d1672af5653d4d0fd5e5799c0ef165bf371874c6d4fd38e8fd63da706,0,1997-10-18,https://randomuser.me/api/portraits/women/47.jpg,What was your first pet?,dog
3,Alice,Castro,tromey@sbcglobal.net,activealice,"If I was a writer, I’d have a better Fitter bio quote",2409e795ff86a66e26756b02afd51c67a1b9fd172af7d98d6e29f08e5abacc57,1,2001-01-15,https://randomuser.me/api/portraits/women/26.jpg,What street did you grow up on?,first avenue
4,Marcia,Reeves,makarow@att.net,marciaruns,Risk taker. Adventurer. Globetrotter. Living my dreams.,382476b966a89f3ad1d28f520f3736c0651dcb2518435cfcace8908804714afa,1,1992-04-07,https://randomuser.me/api/portraits/women/33.jpg,What city did you grow up in?,los angeles
5,Jan,Russo,trygstad@outlook.com,justjan,I’m on my journey. Join me by following along.,b773ca6026e6020ec76ef8b111b7182d327b6baa0ecbdc7493ce6175445d981f,0,1992-05-28,https://randomuser.me/api/portraits/women/92.jpg,What color was your first car?,white
6,Cindy,Jefferson,jimxugle@yahoo.ca,sportycindy,What should I put here?,bc0da75dcb29ecdb6046d9223fb3cd9ae5c4cd5ef3e6d04032d4dd181a775761,0,1989-02-15,https://randomuser.me/api/portraits/women/85.jpg,What is your favorite color?,purple
7,Greg,Pace,webdragon@hotmail.com,gogreg,Don’t know what to do? You can start by hitting that follow button.,edd475a53da91653be42bf078800f9b7b3c3a0b617a864a58195c930a771274b,1,2000-09-15,https://randomuser.me/api/portraits/men/60.jpg,What was your first pet?,cat
8,Peter,Hamilton,kaiser@optonline.net,activepeter,"I might not be where I want to be yet, but I get closer everyday",ee38d1e5f128ab7776bdbaf20d17b8fed63ed1260e838d3cb6d65db77a33b822,1,2002-06-12,https://randomuser.me/api/portraits/men/56.jpg,What street did you grow up on?,main street
9,Bobby,Lee,pappp@icloud.com,livelybobby,I’m pawsome and currently having a purrfect day,2f5ce2664925420cb4811667b17686677d2826c43911a054d59621ef7f79ee0b,1,1991-11-11,https://randomuser.me/api/portraits/men/54.jpg,What city did you grow up in?,san francisco
10,Brady,Willis,tedrlord@att.net,casualbrady,Spending my days in a well so I can say they’ve been well spent,cdfbfed4d062893d738295c11f253d6b80740cc078d0c08a4bb290ab5e3ed524,0,1994-12-28,https://randomuser.me/api/portraits/men/92.jpg,What color was your first car?,black